{
  "act_dim": 6,
  "action_tanh": true,
  "activation_function": "relu",
  "attn_pdrop": 0.1,
  "bos_token_id": 50256,
  "drop_out": 0.1,
  "embd_pdrop": 0.1,
  "eos_token_id": 50256,
  "hidden_size": 128,
  "initializer_range": 0.02,
  "layer_norm_epsilon": 1e-05,
  "max_ep_len": 1000,
  "model_type": "decision_transformer",
  "n_head": 1,
  "n_inner": null,
  "n_layer": 3,
  "n_positions": 1024,
  "reorder_and_upcast_attn": false,
  "resid_pdrop": 0.1,
  "scale_attn_by_inverse_layer_idx": false,
  "scale_attn_weights": true,
  "state_dim": 17,
  "train_data_mean": [
    1.2374826545808695,
    0.19578650023534436,
    -0.10474450686647228,
    -0.18581081815496514,
    0.22993804061764242,
    0.0228006061936674,
    -0.3738868090332938,
    0.3379600712293729,
    3.9251601782572414,
    -0.004742776479246734,
    0.025267017639408126,
    -0.003928776083085777,
    -0.017367585153107264,
    -0.4821242223827087,
    0.0003543187794786996,
    -0.0037124545460601316,
    0.0026285582690887123
  ],
  "train_data_std": [
    0.06666005758861404,
    0.1698737050887468,
    0.17310364254374772,
    0.2184682330489601,
    0.746112794438214,
    0.024116040919799027,
    0.37301609902686106,
    0.6226052296261294,
    0.9710156672894729,
    0.7295220010029311,
    1.50458040816415,
    2.4977266274334498,
    3.5132461281996274,
    5.370183517739545,
    0.7957023129106943,
    4.3193950798589285,
    6.179935932867559
  ],
  "transformers_version": "4.28.1",
  "use_cache": true,
  "vocab_size": 1
}
